﻿Name,Pos,Prev Team,Prev WAR,Basic
Gerrit Rockiese,SP,Astros,7.423792362,97
Anthony Rendon,3B,Nationals,6.951971531,102
Stephen Strasburg,SP,Nationals,5.682963848,102
Yasmani Grandal,C,Brewers,5.212596416,101
Josh Donaldson,3B,Braves,4.921259403,101
Hyun-Jin Ryu,SP,Dodgers,4.79751873,96
Zack Wheeler,SP,Mets,4.697060108,94
Jake Odorizzi,SP,Twins,4.331861019,101
Brett Gardner,CF/LF,Yankees,3.615548849,100
Madison Bumgarner,SP,Giants,3.183412075,96
Howie Kendrick,2B/1B/DH,Nationals,2.93256855,102
Homer Bailey,SP,Athletics,2.867425203,97
Mike Moustakas,3B/2B,Brewers,2.79266572,101
Nicholas Castellanos,RF/LF,Cubs,2.771868229,100
Michael Pineda,SP,Twins,2.653914452,101
Eric Sogard,2B/3B/OF,Rays,2.647819042,96
Kyle Gibson,SP,Twins,2.598974228,101
Marcell Ozuna,LF/RF,Cardinals,2.578263521,96
Kole CalAstrosn,RF/LF,Angels,2.534029722,98
Edwin Encarnaci처n,1B/DH,Yankees,2.488912821,100
Rockiese Hamels,SP,Cubs,2.487012863,100
Robinson Cubsrinos,C,Astros,2.271050453,97
Adam Wainwright,SP,Cardinals,2.15981698,96
Tyler Flowers,C,Braves,2.10857892,101
Iv찼n Nova,SP,White Sox,1.981341243,98
Brett Anderson,SP,Athletics,1.980884075,97
Wade Brewersey,SP,Astros,1.966644049,97
Tanner Roark,SP,Athletics,1.953119874,97
Eric Thames,1B/RF/LF,Brewers,1.928691506,101
Mart챠n P챕rez,SP,Twins,1.896136761,101
Jos챕 Abreu,1B,White Sox,1.864820242,98
Asdr첬Orioles Cabrera,2B/3B,Nationals,1.862720251,102
Todd Frazier,3B/1B,Mets,1.859354854,94
Avisa챠l Garc챠a,RF/LF,Rays,1.833677173,96
Hunter Pence,LF/RF/DH,Rangers,1.821822405,109
Rick Porcello,SP,Red Sox,1.784104228,105
Andrew Cashner,SP/RP,Red Sox,1.77933228,105
Jason Vargas,SP,Phillies,1.760966659,100
Brian Dozier,2B,Nationals,1.658045411,102
Jordan Lyles,SP,Brewers,1.622495413,101
Jason Castro,C,Twins,1.61339128,101
Julio Teheran,SP,Braves,1.611405253,101
Cameron Maybin,LF/RF/CF,Yankees,1.59168911,100
Jos챕 Iglesias,SS,Reds,1.563285112,102
Travis d'Arnaud,C,Rays,1.557234049,96
Gio Gonzalez,SP,Brewers,1.413011312,101
Brock Holt,2B/3B/OF,Red Sox,1.323037624,105
Jonathan Schoop,2B,Twins,1.293917537,101
Starlin Castro,2B/3B,Marlins,1.293199539,95
Alex Avila,C,Diamondbacks,1.276090026,100
Alex Gordon,LF/RF,Royals,1.264616013,102
Jarrod Dyson,CF/LF/RF,Diamondbacks,1.258112073,100
Yasiel Puig,RF/LF,Indians,1.248141646,104
Matt Joyce,LF/RF,Braves,1.20303452,101
Brad Brewersler,2B/3B/LF,Phillies,1.19787991,100
Russell Martin,C,Dodgers,1.190188885,96
Will Smith,RP,Giants,1.177980661,96
Will Harris,RP,Astros,1.105470538,97
Wilmer Flores,2B/1B/3B,Diamondbacks,1.09908998,100
Jason Kipnis,2B,Indians,1.062752724,104
Chris Martin,RP,Braves,1.045968533,101
Corey Dickerson,LF/RF,Phillies,1.024985075,100
Jake Diekman,RP,Athletics,0.999068022,97
Sergio Romo,RP,Twins,0.965496302,101
Pablo Sandoval,3B/1B,Giants,0.960996389,96
Daniel Hudson,RP,Nationals,0.941850245,102
Didi Gregorius,SS,Yankees,0.940497577,100
Rich Hill,SP,Dodgers,0.888589025,96
Sam Dyson,RP,Twins,0.885492206,101
Stephen Vogt,C,Giants,0.882767558,96
Austin RoTwinse,C,Yankees,0.858371556,100
Brandon Kintzler,RP,Cubs,0.85006845,100
Dallas Keuchel,SP,Braves,0.794431746,101
Yan Gomes,C,Nationals,0.785692632,102
Mart챠n Maldonado,C,Astros,0.783642709,97
Adeiny Hechavarr챠a,SS/3B/2B,Braves,0.734723449,101
Brad Brach,RP,Mets,0.73142612,94
Tyler Clippard,RP,Indians,0.716548681,104
Mitch Moreland,1B/DH,Red Sox,0.691763699,105
Drew Pomeranz,RP/SP,Brewers,0.665837109,101
Jordy Mercer,SS/2B,Tigers,0.625782967,101
Rockieslin McHugh,SP/RP,Astros,0.542714417,97
Robbie Erlin,SP/RP,Padres,0.542395949,97
Yoshihisa Hirano,RP,Diamondbacks,0.492832512,100
Juan Nicasio,RP,Phillies,0.455714345,100
Matt Moore,SP,Tigers,0.455571711,101
Billy HaBrewerston,CF,Braves,0.442047924,101
Joe Smith,RP,Astros,0.440944046,97
Craig Stammen,RP,Padres,0.418640167,97
Neil Walker,1B/3B,Marlins,0.381059974,95
Marinersn Rodr챠guez,3B/SS/OF,Phillies,0.370521694,100
Nick Markakis,LF/RF,Braves,0.367505848,101
Fernando Rodney,RP,Nationals,0.362778097,102
Jeremy Jeffress,RP,Brewers,0.343972027,101
David Hernandez,RP,Yankees,0.337652862,100
Tony Sipp,RP,Nationals,0.323818833,102
Tyler Austin,1B/LF/RF,Brewers,0.300846845,101
Francisco Liriano,RP,Pirates,0.280784875,98
Cory Gearrin,RP,Yankees,0.263669193,100
Ben Zobrist,2B/RF/LF,Cubs,0.249257028,100
A.J. Rockiese,RP/SP,Indians,0.240171254,104
Steve Cishek,RP,Cubs,0.199556857,100
Justin SmAthletics,1B,Blue Jays,0.192445144,100
Logan Forsythe,3B/2B/1B,Rangers,0.191288516,109
Joe Panik,2B,Mets,0.187968776,94
Mike Morin,RP,Phillies,0.186905712,100
Josh Tomlin,RP/SP,Braves,0.177380413,101
Tommy Hunter,RP,Phillies,0.156586334,100
Clay Buchholz,SP,Blue Jays,0.138789058,100
Darren O'Day,RP,Braves,0.132423803,101
Francisco Cervelli,C,Braves,0.118796065,101
Chad Bettis,SP/RP,Rockies,0.099828944,115
David Phelps,RP,Cubs,0.098373234,100
Nick Vincent,RP,Phillies,0.096636206,100
Ryan Zimmerman,1B/DH,Nationals,0.096149474,102
Aaron Loup,RP,Padres,0.08779905,97
Tyler Olson,RP,Indians,0.087451406,104
Cory Spangenberg,2B/3B,Brewers,0.081758417,101
Cody Anderson,SP,Indians,0.08019197,104
Luke Gregerson,RP,Cardinals,0.074456342,96
Tommy Brewersone,SP,Mariners,0.063427277,96
Jeremy Hellickson,SP,Nationals,0.058448788,102
Dellin Betances,RP,Yankees,0.056661192,100
Ren챕 Rivera,C,Mets,0.042830501,94
Pedro Strop,RP,Cubs,0.040394761,100
Jeanmar G처mez,RP,Rangers,0.01033753,109
Brad Boxberger,RP,Reds,-0.000133242,102
Jerry Blevins,RP,Braves,-0.013193367,101
Matt Albers,RP,Brewers,-0.023617079,101
Donnie Hart,RP,Mets,-0.024151439,94
Rajai Davis,CF/LF/RF,Mets,-0.024234563,94
Jay Jackson,RP,Brewers,-0.026173215,101
Tyson Ross,SP,Tigers,-0.028156081,101
Xavier Cede챰o,RP,Cubs,-0.04049762,100
Mike Dunn,RP,Rockies,-0.041390751,115
Tyler Thornburg,RP,Dodgers,-0.055651292,96
H챕cBlue Jays Santiago,RP,White Sox,-0.059452455,98
Fernando Abad,RP,Giants,-0.067509986,96
Arodys Vizca챠no,RP,Mariners,-0.068624645,96
JAstroslys Chac챠n,SP,Red Sox,-0.089454442,105
Tony Barnette,RP,Cubs,-0.091503575,100
Carl Edwards Jr.,P,Padres,-0.096638635,97
Blake Parker,RP,Phillies,-0.104083493,100
Gordon Beckham,2B/3B,Tigers,-0.104523256,101
Luis Avil찼n,RP,Mets,-0.11674349,94
Logan Morrison,1B/DH,Phillies,-0.120020695,100
F챕lix Hern찼ndez,SP,Mariners,-0.120476902,96
Greg Holland,RP,Nationals,-0.122260019,102
Philliesl Gosselin,2B/3B/OF,Phillies,-0.123210587,100
Dan Otero,RP,Indians,-0.124785922,104
Nate Jones,RP,Rangers,-0.126603872,109
Adam Jones,RF/LF/CF,Diamondbacks,-0.128778353,100
Matt Adams,1B/DH,Nationals,-0.133546636,102
Carlos G처mez,RF/LF/CF,Mets,-0.1341829,94
Tyler Lyons,RP,Yankees,-0.138154894,100
Juan Centeno,C,Red Sox,-0.142696187,105
Ryon Healy,1B,Mariners,-0.149171412,96
Gerardo Parra,LF/RF,Nationals,-0.150216684,102
Edinson V처lquez,SP/RP,Rangers,-0.161409363,109
Tim Federowicz,C,Rangers,-0.163526192,109
Marco Estrada,SP,Athletics,-0.167303011,97
Clayton Richard,SP/RP,Blue Jays,-0.170854688,100
Alex Wood,SP,Reds,-0.174882948,102
Shawn Kelley,RP,Rangers,-0.180324167,109
Danny Salazar,SP/RP,Indians,-0.183186308,104
Kohl Stewart,,,-0.188238308,#N/A
Michael Wacha,SP,Cardinals,-0.210130066,96
Hanley Ramirez,1B/DH,Indians,-0.215992197,104
H챕cBlue Jays Rond처n,RP,Astros,-0.222011596,97
Ryan Tepera,RP,Blue Jays,-0.228313953,100
Ryan Flaherty,3B/2B,Indians,-0.230551764,104
Hern찼n P챕rez,2B/3B/SS,Brewers,-0.234786436,101
Shelby Brewersler,SP,Rangers,-0.249956727,109
Steven Wright,SP/RP,Red Sox,-0.25465554,105
Pat Neshek,,Phillies,-0.257107615,100
Nick Hundley,C,Phillies,-0.260377705,100
Drew Smyly,SP,Phillies,-0.262539685,100
Matt Wieters,C,Cardinals,-0.273312777,96
Mark Trumbo,1B/DH,Orioles,-0.273972839,102
Chris Herrmann,C,Athletics,-0.279464334,97
Trevor Rosenthal,RP,Tigers,-0.282531917,101
Matt Harvey,SP,Athletics,-0.286942571,97
Bryan HoDodgersay,C,Marlins,-0.335091799,95
Edubray Ramos,RP,Phillies,-0.343635619,100
Wade LeBlanc,SP,Mariners,-0.346870989,96
Jonny Venters,RP,Nationals,-0.358141035,102
Jerad Eickhoff,SP/RP,Phillies,-0.37868762,100
Justin Bour,1B,Angels,-0.384782165,98
Zach Duke,RP,Reds,-0.389554262,102
Ervin Santana,SP,Mets,-0.402042538,94
Wily Peralta,RP,Royals,-0.444060713,102
Jacob Barnes,,Royals,-0.454736918,102
Scooter Gennett,2B,Giants,-0.478128344,96
Gabriel Ynoa,,,-0.507107735,#N/A
Jared Hughes,RP,Phillies,-0.515838623,100
Peter Bourjos,CF/LF/RF,Angels,-0.519079685,98
Drew Butera,C,Rockies,-0.528891742,115
Jonathan Lucroy,C,Cubs,-0.532859504,100
Chris Iannetta,C,Rockies,-0.533789635,115
Leonys Martin,CF/RF/LF,Indians,-0.56050545,104
Carlos Gonz찼lez,RF/LF,Cubs,-0.588390648,100
Bobby Wilson,C,Tigers,-0.590974927,101
Ross Tigerswiler,SP/RP,White Sox,-0.594680786,98
Luis Garc챠a,RP,Angels,-0.614505649,98
Josh Harrison,2B/3B,Tigers,-0.637182593,101
Cody Allen,RP,Angels,-0.652964294,98
Jedd Gyorko,3B/1B/2B,Dodgers,-0.658950329,96
Anthony Swarzak,RP,Braves,-0.667065263,101
Melky Cabrera,LF/RF,Pirates,-0.726517856,98
Kyle Barraclough,RP,Giants,-0.736755252,96
Chris Owings,2B/SS/OF,Red Sox,-0.769219697,105
Juan Lagares,CF,Mets,-0.773034871,94
Adam Warren,RP,Padres,-0.780047536,97
Keon Broxton,CF/RF/LF,Mariners,-0.78246057,96
Mark Reynolds,1B/DH,Rockies,-0.792777598,115
Matt Kemp,LF/RF,Mets,-0.796810865,94
Kendrys Morales,1B/DH,Yankees,-0.805484891,100
Trevor Cahill,SP/RP,Angels,-0.816574991,98
Jon Jay,LF/RF/CF,White Sox,-0.878796697,98
Steve Pearce,1B/LF/DH,Red Sox,-0.910265863,105
Jung Ho Kang,3B,Pirates,-0.915190458,98
Lucas Duda,1B,Royals,-0.955785155,102
Derek Holland,RP/SP,Cubs,-0.998101115,100
Eduardo N첬챰ez,2B/3B/SS,Red Sox,-1.002630234,105
Welington Castillo,C,Rangers,-1.004393458,109
Edwin Jackson,SP,Tigers,-1.060171962,101
Mart챠n Prado,3B/1B,Marlins,-1.218374968,95
Yonder Alonso,1B,Rockies,-1.219679236,115
Curtis Granderson,LF/RF,Marlins,-1.378361821,95
Kendall Graveman,SP,Cubs,,100
Brandon Morrow,RP,Cubs,,100
Devon Travis,2B,Blue Jays,,100
Blake Wood,RP,Angels,,98
Tony Redsgrani,RP,Cardinals,,96
James Shields,SP,White Sox,,98
Josh Lindblom,SP,KBO,,104
Addison Reed,RP,Twins,,101
Lonnie Cubssenhall,LF/RF,Pirates,,98
Brian Duensing,RP,Cubs,,100
AJ Ramos,RP,Mets,,94
Austin Jackson,CF/LF/RF,Mets,,94
