Name,Pos,Bats,Thr,Prev Team,Age,Service Time,Prev WAR,playerid
Anthony Rendon,3B,R,R,Nationals,30,6.13,6.951971531,12861
Yasmani Grandal,C,S,R,Brewers,31,7.115,5.212596416,11368
Josh Donaldson,3B,R,R,Braves,34,7.1579999999999995,4.9212594030000005,5038
Brett Gardner,CF/LF,L,L,Yankees,36,11.072000000000001,3.6155488489999996,9927
Howie Kendrick,2B/1B/DH,R,R,Nationals,36,13.091,2.93256855,4229
Mike Moustakas,3B/2B,L,R,Brewers,31,8.111,2.79266572,4892
Nicholas Castellanos,RF/LF,R,R,Cubs,28,6.029,2.771868229,11737
Eric Sogard,2B/3B/OF,L,R,Rays,34,7.1339999999999995,2.647819042,7927
Marcell Ozuna,LF/RF,R,R,Cardinals,29,6.124,2.578263521,10324
Kole CalAstrosn,RF/LF,L,L,Angels,32,6.13,2.534029722,11200
Edwin Encarnación,1B/DH,R,R,Yankees,37,14.085,2.488912821,2151
Robinson Cubsrinos,C,R,R,Astros,36,7.103,2.271050453,3142
Tyler Flowers,C,R,R,Braves,34,8.148,2.10857892,9134
Eric Thames,1B/RF/LF,L,R,Brewers,33,4.063,1.9286915059999998,3711
José Abreu,1B,R,R,White Sox,33,6.0,1.864820242,15676
AsdrúOrioles Cabrera,2B/3B,S,R,Nationals,34,12.027000000000001,1.862720251,4962
Todd Frazier,3B/1B,R,R,Mets,34,8.071,1.859354854,785
Avisaíl García,RF/LF,R,R,Rays,29,6.167000000000001,1.833677173,5760
Hunter Pence,LF/RF/DH,R,R,Rangers,37,12.155999999999999,1.821822405,8252
Andrew Cashner,SP/RP,R,R,Red Sox,33,9.126,1.77933228,8782
Brian Dozier,2B,R,R,Nationals,33,7.1,1.658045411,9810
Jason Castro,C,L,R,Twins,33,9.104,1.61339128,8722
Cameron Maybin,LF/RF/CF,R,R,Yankees,33,10.059,1.59168911,5223
José Iglesias,SS,R,R,Reds,30,7.0360000000000005,1.563285112,10231
Travis d'Arnaud,C,R,R,Rays,31,6.044,1.557234049,7739
Brock Holt,2B/3B/OF,L,R,Red Sox,32,6.0520000000000005,1.3230376240000001,9345
Jonathan Schoop,2B,R,R,Twins,28,6.027,1.293917537,11265
Starlin Castro,2B/3B,R,R,Marlins,30,9.15,1.293199539,4579
Alex Avila,C,L,R,Diamondbacks,33,10.061,1.2760900259999999,7476
Alex Gordon,LF/RF,L,R,Royals,36,12.092,1.264616013,5209
Jarrod Dyson,CF/LF/RF,L,R,Diamondbacks,35,8.088,1.258112073,4866
Yasiel Puig,RF/LF,R,R,Indians,29,6.102,1.2481416459999999,14225
Matt Joyce,LF/RF,L,R,Braves,35,10.123,1.20303452,3353
Brad Brewersler,2B/3B/LF,L,R,Phillies,30,6.004,1.19787991,12775
Russell Martin,C,R,R,Dodgers,37,13.15,1.190188885,4616
Wilmer Flores,2B/1B/3B,R,R,Diamondbacks,28,6.002999999999999,1.09908998,5827
Jason Kipnis,2B,L,R,Indians,33,8.068999999999999,1.062752724,9776
Corey Dickerson,LF/RF,L,R,Phillies,31,6.101,1.024985075,10762
Pablo Sandoval,3B/1B,S,R,Giants,33,11.042,0.9609963890000001,5409
Didi Gregorius,SS,L,R,Yankees,30,6.159,0.940497577,6012
Stephen Vogt,C,L,R,Giants,35,6.064,0.882767558,5000
Austin RoTwinse,C,R,R,Yankees,31,6.045,0.8583715559999999,5491
Yan Gomes,C,R,R,Nationals,32,7.082999999999999,0.7856926320000001,9627
Martín Maldonado,C,R,R,Astros,33,7.156000000000001,0.7836427090000001,6887
Adeiny Hechavarría,SS/3B/2B,R,R,Braves,31,7.037000000000001,0.7347234490000001,10459
Mitch Moreland,1B/DH,L,L,Red Sox,34,9.067,0.691763699,3086
Drew Pomeranz,RP/SP,R,L,Brewers,31,7.013,0.665837109,11426
Jordy Mercer,SS/2B,R,R,Tigers,33,7.095,0.625782967,6547
Rockieslin McHugh,SP/RP,R,R,Astros,33,6.085,0.542714417,7531
Robbie Erlin,SP/RP,R,L,Padres,29,5.045,0.542395949,10354
Billy HaBrewerston,CF,S,R,Braves,29,6.028,0.442047924,10199
Neil Walker,1B/3B,S,R,Marlins,34,9.166,0.38105997399999997,7539
Marinersn Rodríguez,3B/SS/OF,R,R,Phillies,35,10.105,0.370521694,6589
Nick Markakis,LF/RF,L,L,Braves,36,14.0,0.36750584799999997,5930
Tyler Austin,1B/LF/RF,R,R,Brewers,28,2.151,0.300846845,11850
Ben Zobrist,2B/RF/LF,S,R,Cubs,39,12.033,0.24925702800000002,7435
A.J. Rockiese,RP/SP,R,R,Indians,28,2.124,0.24017125399999997,11467
Justin SmAthletics,1B,S,L,Blue Jays,33,9.077,0.19244514399999998,9054
Logan Forsythe,3B/2B/1B,R,R,Rangers,33,8.113,0.19128851600000002,7185
Joe Panik,2B,L,R,Mets,29,5.1,0.187968776,11936
Josh Tomlin,RP/SP,R,R,Braves,35,9.033,0.17738041300000001,9388
Francisco Cervelli,C,R,R,Braves,34,9.146,0.118796065,5275
Chad Bettis,SP/RP,R,R,Rockies,31,5.096,0.099828944,10587
Ryan Zimmerman,1B/DH,R,R,Nationals,35,14.032,0.096149474,4220
Cory Spangenberg,2B/3B,L,R,Brewers,29,4.041,0.081758417,12294
René Rivera,C,R,R,Mets,36,7.107,0.04283050099999999,3648
Rajai Davis,CF/LF/RF,R,R,Mets,39,12.043,-0.024234562999999997,3708
Carl Edwards Jr.,P,R,R,Padres,28,3.0980000000000003,-0.096638635,13607
Gordon Beckham,2B/3B,R,R,Tigers,33,9.032,-0.104523256,9015
Logan Morrison,1B/DH,L,L,Phillies,32,8.116,-0.120020695,9205
Philliesl Gosselin,2B/3B/OF,R,R,Phillies,31,3.125,-0.123210587,10953
Adam Jones,RF/LF/CF,R,R,Diamondbacks,34,12.139000000000001,-0.128778353,6368
Matt Adams,1B/DH,L,R,Nationals,31,7.0329999999999995,-0.133546636,9393
Carlos Gómez,RF/LF/CF,R,R,Mets,34,12.015,-0.1341829,4881
Juan Centeno,C,L,R,Red Sox,30,2.037,-0.142696187,7168
Ryon Healy,1B,R,R,Mariners,28,3.08,-0.149171412,15447
Gerardo Parra,LF/RF,L,L,Nationals,33,10.145,-0.15021668400000002,8553
Edinson Vólquez,SP/RP,R,R,Rangers,36,11.059000000000001,-0.161409363,3990
Tim Federowicz,C,R,R,Rangers,32,3.158,-0.163526192,8609
Clayton Richard,SP/RP,L,L,Blue Jays,36,9.16,-0.170854688,3551
Danny Salazar,SP/RP,R,R,Indians,30,5.162000000000001,-0.18318630800000002,5867
Kohl Stewart,,R,R,,25,0.094,-0.18823830800000002,15502
Hanley Ramirez,1B/DH,R,R,Indians,36,12.103,-0.215992197,8001
Ryan Flaherty,3B/2B,L,R,Indians,33,7.029,-0.230551764,7888
Hernán Pérez,2B/3B/SS,R,R,Brewers,29,5.056,-0.23478643600000002,5751
Steven Wright,SP/RP,R,R,Red Sox,35,5.012,-0.25465554,8185
Pat Neshek,,S,R,Phillies,39,11.159,-0.257107615,4682
Nick Hundley,C,R,R,Phillies,36,11.017000000000001,-0.260377705,3376
Matt Wieters,C,S,R,Cardinals,34,10.129,-0.273312777,4298
Mark Trumbo,1B/DH,R,R,Orioles,34,9.027000000000001,-0.27397283899999997,6876
Chris Herrmann,C,L,R,Athletics,32,5.127999999999999,-0.279464334,9284
Bryan HoDodgersay,C,R,R,Marlins,32,5.013,-0.33509179899999997,11287
Jerad Eickhoff,SP/RP,R,R,Phillies,29,4.0280000000000005,-0.37868762,12664
Justin Bour,1B,L,R,Angels,32,5.006,-0.384782165,9744
Jacob Barnes,,R,R,Royals,30,3.03,-0.454736918,12323
Scooter Gennett,2B,L,R,Giants,30,6.051,-0.478128344,10339
Gabriel Ynoa,,R,R,,27,2.083,-0.507107735,12938
Peter Bourjos,CF/LF/RF,R,R,Angels,33,7.171,-0.519079685,2578
Drew Butera,C,R,R,Rockies,36,8.067,-0.528891742,3411
Jonathan Lucroy,C,R,R,Cubs,34,9.136000000000001,-0.532859504,7870
Chris Iannetta,C,R,R,Rockies,37,12.154000000000002,-0.533789635,8267
Leonys Martin,CF/RF/LF,L,R,Indians,32,6.081,-0.56050545,11846
Carlos González,RF/LF,L,L,Cubs,34,10.131,-0.588390648,7287
Bobby Wilson,C,R,R,Tigers,37,6.081,-0.590974927,6564
Ross Tigerswiler,SP/RP,R,L,White Sox,34,7.011,-0.594680786,2859
Josh Harrison,2B/3B,R,R,Tigers,32,7.167999999999999,-0.637182593,8202
Jedd Gyorko,3B/1B/2B,R,R,Dodgers,31,6.164,-0.658950329,10816
Melky Cabrera,LF/RF,S,L,Pirates,35,13.077,-0.726517856,4022
Chris Owings,2B/SS/OF,R,R,Red Sox,28,5.131,-0.769219697,10030
Juan Lagares,CF,R,R,Mets,31,6.16,-0.7730348709999999,5384
Keon Broxton,CF/RF/LF,R,R,Mariners,30,3.0380000000000003,-0.78246057,9253
Mark Reynolds,1B/DH,R,R,Rockies,36,12.057,-0.7927775979999999,7619
Matt Kemp,LF/RF,R,R,Mets,35,12.087,-0.796810865,5631
Kendrys Morales,1B/DH,S,R,Yankees,37,11.093,-0.805484891,8610
Trevor Cahill,SP/RP,R,R,Angels,32,10.097999999999999,-0.816574991,6249
Jon Jay,LF/RF/CF,L,L,White Sox,35,9.134,-0.8787966970000001,5227
Steve Pearce,1B/LF/DH,R,R,Red Sox,37,10.116,-0.910265863,9957
Jung Ho Kang,3B,R,R,Pirates,33,2.133,-0.915190458,17182
Lucas Duda,1B,L,R,Royals,34,8.088,-0.955785155,2502
Derek Holland,RP/SP,S,L,Cubs,33,10.105,-0.998101115,4141
Eduardo Núñez,2B/3B/SS,R,R,Red Sox,33,8.033,-1.002630234,6848
Welington Castillo,C,R,R,Rangers,33,7.104,-1.004393458,3256
Martín Prado,3B/1B,R,R,Marlins,36,12.105,-1.218374968,3312
Yonder Alonso,1B,L,R,Rockies,33,8.111,-1.219679236,2530
Curtis Granderson,LF/RF,L,R,Marlins,39,14.077,-1.378361821,4747
Devon Travis,2B,R,R,Blue Jays,29,4.163,,13862
Lonnie Cubssenhall,LF/RF,L,R,Pirates,31,7.1579999999999995,,7571
Austin Jackson,CF/LF/RF,R,R,Mets,33,9.0,,9848
