Name,Pos,Bats,Thr,Prev Team,Age,Service Time,Prev WAR,playerid
Gerrit Rockiese,SP,R,R,Astros,29,6.111000000000001,7.423792362,13125
Stephen Strasburg,SP,R,R,Nationals,31,9.118,5.682963847999999,10131
Hyun-Jin Ryu,SP,R,L,Dodgers,33,7.0,4.79751873,14444
Zack Wheeler,SP,L,R,Mets,30,6.098,4.6970601080000005,10310
Jake Odorizzi,SP,R,R,Twins,30,6.042000000000001,4.331861019,6397
Madison Bumgarner,SP,R,L,Giants,30,9.127,3.183412075,5524
Homer Bailey,SP,R,R,Athletics,34,11.017000000000001,2.8674252030000003,8362
Michael Pineda,SP,R,R,Twins,31,8.09,2.653914452,5372
Kyle Gibson,SP,R,R,Twins,32,6.039,2.5989742280000003,10123
Rockiese Hamels,SP,L,L,Cubs,36,13.142999999999999,2.487012863,4972
Adam Wainwright,SP,R,R,Cardinals,38,14.027000000000001,2.15981698,2233
Iván Nova,SP,R,R,White Sox,33,9.024,1.9813412430000001,1994
Brett Anderson,SP,L,L,Athletics,32,10.135,1.980884075,8223
Wade Brewersey,SP,L,L,Astros,33,8.025,1.9666440490000001,8779
Tanner Roark,SP,R,R,Athletics,33,6.055,1.953119874,8753
Martín Pérez,SP,L,L,Twins,29,7.037999999999999,1.896136761,6902
Rick Porcello,SP,R,R,Red Sox,31,10.17,1.7841042280000001,2717
Jason Vargas,SP,L,L,Phillies,37,12.114,1.7609666590000002,8044
Jordan Lyles,SP,R,R,Brewers,29,8.002,1.6224954130000002,7593
Julio Teheran,SP,R,R,Braves,29,7.062,1.611405253,6797
Gio Gonzalez,SP,R,L,Brewers,34,10.146,1.4130113119999999,7448
Will Smith,RP,R,L,Giants,30,6.155,1.1779806609999999,8048
Will Harris,RP,R,R,Astros,35,6.102,1.105470538,3192
Chris Martin,RP,R,R,Braves,34,2.133,1.045968533,11847
Jake Diekman,RP,L,L,Athletics,33,7.05,0.999068022,5003
Sergio Romo,RP,R,R,Twins,37,11.097000000000001,0.965496302,9817
Daniel Hudson,RP,R,R,Nationals,33,9.106,0.941850245,7146
Rich Hill,SP,L,L,Dodgers,40,10.127,0.888589025,4806
Sam Dyson,RP,R,R,Twins,32,5.142,0.8854922059999999,11710
Brandon Kintzler,RP,R,R,Cubs,35,8.003,0.85006845,9939
Dallas Keuchel,SP,L,L,Braves,32,7.031000000000001,0.794431746,9434
Brad Brach,RP,R,R,Mets,34,7.063,0.73142612,6627
Tyler Clippard,RP,R,R,Indians,35,10.134,0.7165486809999999,5640
Yoshihisa Hirano,RP,R,R,Diamondbacks,36,2.0,0.49283251200000006,19756
Juan Nicasio,RP,R,R,Phillies,33,8.084,0.455714345,7731
Matt Moore,SP,L,L,Tigers,31,8.0,0.455571711,1890
Joe Smith,RP,R,R,Astros,36,12.091,0.44094404600000003,3281
Craig Stammen,RP,R,R,Padres,36,8.16,0.418640167,7274
Fernando Rodney,RP,R,R,Nationals,43,16.132,0.362778097,494
Jeremy Jeffress,RP,R,R,Brewers,32,6.09,0.343972027,9490
David Hernandez,RP,R,R,Yankees,35,10.049,0.33765286200000005,4259
Tony Sipp,RP,L,L,Nationals,36,10.06,0.32381883300000003,8280
Francisco Liriano,RP,L,L,Pirates,36,13.104000000000001,0.280784875,3201
Cory Gearrin,RP,R,R,Yankees,34,6.136,0.263669193,7947
Steve Cishek,RP,R,R,Cubs,34,8.142999999999999,0.199556857,6483
Mike Morin,RP,R,R,Phillies,29,4.026,0.186905712,13442
Tommy Hunter,RP,R,R,Phillies,33,10.066,0.156586334,1157
Clay Buchholz,SP,L,R,Blue Jays,35,11.020999999999999,0.13878905800000002,3543
Darren O'Day,RP,R,R,Braves,37,11.103,0.132423803,3321
David Phelps,RP,R,R,Cubs,33,7.156000000000001,0.098373234,6316
Nick Vincent,RP,R,R,Phillies,33,6.0520000000000005,0.096636206,7555
Aaron Loup,RP,L,L,Padres,32,7.04,0.08779905,10343
Tyler Olson,RP,R,L,Indians,30,2.114,0.087451406,14741
Cody Anderson,SP,R,R,Indians,29,3.116,0.08019197,12799
Luke Gregerson,RP,L,R,Cardinals,36,10.054,0.07445634200000001,4090
Tommy Brewersone,SP,L,L,Mariners,33,6.1129999999999995,0.063427277,7608
Jeremy Hellickson,SP,R,R,Nationals,33,9.041,0.058448788,4371
Dellin Betances,RP,R,R,Yankees,32,6.077999999999999,0.056661192,6216
Pedro Strop,RP,R,R,Cubs,35,8.156,0.040394761,4070
Jeanmar Gómez,RP,R,R,Rangers,32,6.122000000000001,0.01033753,9033
Brad Boxberger,RP,R,R,Reds,32,6.0329999999999995,-0.000133242,10133
Jerry Blevins,RP,L,L,Braves,36,10.064,-0.013193367,7841
Matt Albers,RP,L,R,Brewers,37,12.140999999999998,-0.023617079,4300
Donnie Hart,RP,L,L,Mets,29,1.139,-0.024151439,15306
Jay Jackson,RP,R,R,Brewers,32,0.107,-0.026173215,7432
Tyson Ross,SP,R,R,Tigers,33,8.118,-0.028156081,7872
Xavier Cedeño,RP,L,L,Cubs,33,6.005,-0.04049762,36
Mike Dunn,RP,L,L,Rockies,35,8.165,-0.041390751,9948
Tyler Thornburg,RP,R,R,Dodgers,31,5.162000000000001,-0.055651292000000005,10688
HécBlue Jays Santiago,RP,R,L,White Sox,32,7.101,-0.059452455,4026
Fernando Abad,RP,L,L,Giants,34,6.119,-0.067509986,4994
Arodys Vizcaíno,RP,R,R,Mariners,29,6.167999999999999,-0.068624645,5498
JAstroslys Chacín,SP,R,R,Red Sox,32,9.054,-0.089454442,2608
Tony Barnette,RP,R,R,Cubs,36,3.091,-0.091503575,3555
Blake Parker,RP,R,R,Phillies,35,5.0360000000000005,-0.10408349300000001,5224
Luis Avilán,RP,L,L,Mets,30,6.146,-0.11674349,2882
Félix Hernández,SP,R,R,Mariners,34,14.06,-0.120476902,4772
Greg Holland,RP,R,R,Nationals,34,7.162999999999999,-0.122260019,7196
Dan Otero,RP,R,R,Indians,35,6.124,-0.124785922,7385
Nate Jones,RP,R,R,Rangers,34,8.0,-0.126603872,4696
Tyler Lyons,RP,L,L,Yankees,32,4.064,-0.138154894,11334
Marco Estrada,SP,R,R,Athletics,36,10.017999999999999,-0.167303011,1118
Alex Wood,SP,R,L,Reds,29,6.122999999999999,-0.174882948,13781
Shawn Kelley,RP,R,R,Rangers,36,10.128,-0.18032416699999998,7773
Michael Wacha,SP,R,R,Cardinals,28,6.062,-0.210130066,14078
HécBlue Jays Rondón,RP,R,R,Astros,32,7.0,-0.222011596,2391
Ryan Tepera,RP,R,R,Blue Jays,32,4.008,-0.22831395300000001,10291
Shelby Brewersler,SP,R,R,Rangers,29,6.093,-0.249956727,10197
Drew Smyly,SP,L,L,Phillies,31,7.143,-0.262539685,11760
Trevor Rosenthal,RP,R,R,Tigers,30,6.001,-0.28253191699999997,10745
Matt Harvey,SP,R,R,Athletics,31,7.016,-0.28694257100000004,11713
Edubray Ramos,RP,R,R,Phillies,27,3.06,-0.343635619,16086
Wade LeBlanc,SP,L,L,Mariners,35,6.131,-0.34687098899999996,5221
Jonny Venters,RP,L,L,Nationals,35,6.136,-0.358141035,7175
Zach Duke,RP,L,L,Reds,37,12.155,-0.38955426200000004,3840
Ervin Santana,SP,R,R,Mets,37,13.123,-0.40204253799999995,3200
Wily Peralta,RP,R,R,Royals,31,5.166,-0.444060713,7738
Jared Hughes,RP,R,R,Phillies,34,7.162000000000001,-0.5158386229999999,9325
Luis García,RP,R,R,Angels,33,5.006,-0.6145056489999999,6984
Cody Allen,RP,R,R,Angels,31,6.159,-0.652964294,12183
Anthony Swarzak,RP,R,R,Braves,34,8.024,-0.667065263,7466
Kyle Barraclough,RP,R,R,Giants,30,4.02,-0.736755252,13713
Adam Warren,RP,R,R,Padres,32,7.0360000000000005,-0.780047536,9029
Edwin Jackson,SP,R,R,Tigers,36,12.158,-1.060171962,1841
Kendall Graveman,SP,R,R,Cubs,29,4.078,,15514
Brandon Morrow,RP,R,R,Cubs,35,11.095999999999998,,9346
Blake Wood,RP,R,R,Angels,34,6.131,,1345
Tony Redsgrani,RP,L,L,Cardinals,30,6.087999999999999,,12555
James Shields,SP,R,R,White Sox,38,12.125,,7059
Josh Lindblom,SP,R,R,KBO,33,1.151,,7882
Addison Reed,RP,L,R,Twins,31,7.056,,10586
Brian Duensing,RP,L,L,Cubs,37,9.055,,4064
AJ Ramos,RP,R,R,Mets,33,6.03,,8350
