,Team,Pos,War
0,Angels,1B,-0.9
15,Astros,C,2.7
17,Athletics,2B,0.6
28,Blue Jays,RF,-0.7
136,Braves,RF,1.6
111,Brewers,SS,-0.8
164,Cardinals,C,0.7
217,Cubs,CF,1.2
140,Diamondbacks,RF,0.9
219,Dodgers,CF,3.1
64,Giants,2B,1
221,Indians,CF,0.8
222,Mariners,CF,-0.5
197,Marlins,LF,-2.2
224,Mets,CF,-0.4
173,Nationals,C,1.1
226,Orioles,CF,-0.7
45,Padres,1B,-0.2
72,Phillies,2B,1.7
151,Pirates,RF,-2.1
178,Rangers,C,-3.5
231,Rays,CF,1.8
50,Red Sox,1B,-0.4
233,Reds,CF,0.2
182,Rockies,C,-1.7
53,Royals,1B,-2.9
184,Tigers,C,-3.3
55,Twins,1B,0.3
160,White Sox,RF,-1.3
57,Yankees,1B,2.9
