Team,Pos,War
Angels,1B,-0.9
Angels,2B,2.9
Angels,3B,4.2
Angels,SS,1.6
Angels,RF,2.5
Angels,CF,10
Angels,LF,1.7
Angels,C,-0.6
Astros,1B,4.1
Astros,2B,5.2
Astros,3B,12
Astros,SS,12.4
Astros,RF,8.4
Astros,CF,7.6
Astros,LF,5.1
Astros,C,2.7
Athletics,1B,3.4
Athletics,2B,0.6
Athletics,3B,6.1
Athletics,SS,7.6
Athletics,RF,1.3
Athletics,CF,7.8
Athletics,LF,2.3
Athletics,C,0.8
Blue Jays,1B,0.3
Blue Jays,2B,4
Blue Jays,3B,-0.2
Blue Jays,SS,3
Blue Jays,RF,-0.7
Blue Jays,CF,1.4
Blue Jays,LF,2.6
Blue Jays,C,2.2
Braves,1B,4
Brewers,1B,1.8
Cardinals,1B,2.8
Cubs,1B,5.4
Diamondbacks,1B,2.3
Dodgers,1B,6.4
Giants,1B,1.2
Indians,1B,3.6
Mariners,1B,5.1
Marlins,1B,0.5
Mets,1B,5.7
Nationals,1B,2.9
Orioles,1B,2.2
Padres,1B,-0.2
Phillies,1B,2
Pirates,1B,2.5
Rangers,1B,1.5
Rays,1B,4.1
Red Sox,1B,-0.4
Reds,1B,0.7
Rockies,1B,-1.1
Royals,1B,-2.9
Tigers,1B,-1.3
Twins,1B,0.3
White Sox,1B,-0.5
Yankees,1B,2.9
Braves,2B,4.6
Brewers,2B,4.8
Cardinals,2B,6.9
Cubs,2B,1.3
Diamondbacks,2B,8.3
Dodgers,2B,6.2
Giants,2B,1
Indians,2B,1.9
Mariners,2B,1.1
Marlins,2B,0
Mets,2B,0.9
Nationals,2B,2.6
Orioles,2B,5.9
Padres,2B,1.3
Phillies,2B,1.7
Pirates,2B,2.1
Rangers,2B,0.3
Rays,2B,3.6
Red Sox,2B,0
Reds,2B,0.4
Rockies,2B,-0.6
Royals,2B,2.1
Tigers,2B,-0.8
Twins,2B,3.4
White Sox,2B,0.4
Yankees,2B,9.6
Braves,3B,4.4
Brewers,3B,2
Cardinals,3B,4
Cubs,3B,6.3
Diamondbacks,3B,3.7
Dodgers,3B,3.4
Giants,3B,2.7
Indians,3B,3.9
Mariners,3B,2.8
Marlins,3B,3
Mets,3B,4
Nationals,3B,6.6
Orioles,3B,2.1
Padres,3B,3.1
Phillies,3B,3.8
Pirates,3B,-1.4
Rangers,3B,0
Rays,3B,2
Red Sox,3B,5.9
Reds,3B,4.5
Rockies,3B,5.9
Royals,3B,1.5
Tigers,3B,-0.4
Twins,3B,4.8
White Sox,3B,5.9
Yankees,3B,7.4
Braves,SS,1.9
Brewers,SS,-0.8
Cardinals,SS,4.1
Cubs,SS,5.1
Diamondbacks,SS,2.4
Dodgers,SS,5.1
Giants,SS,1.8
Indians,SS,3.5
Mariners,SS,2
Marlins,SS,2.5
Mets,SS,2.6
Nationals,SS,2.8
Orioles,SS,3
Padres,SS,3.9
Phillies,SS,2.2
Pirates,SS,1.4
Rangers,SS,1.4
Rays,SS,2.8
Red Sox,SS,6.6
Reds,SS,1.6
Rockies,SS,4.9
Royals,SS,1.5
Tigers,SS,2.6
Twins,SS,4.6
White Sox,SS,3.3
Yankees,SS,4.8
Braves,RF,1.6
Brewers,RF,8.5
Cardinals,RF,2
Cubs,RF,3.3
Diamondbacks,RF,0.9
Dodgers,RF,11.1
Giants,RF,1.2
Indians,RF,4
Mariners,RF,2.1
Marlins,RF,4.3
Mets,RF,3.7
Nationals,RF,2.5
Orioles,RF,3.8
Padres,RF,2.8
Phillies,RF,4.1
Pirates,RF,-2.1
Rangers,RF,2.1
Rays,RF,5.9
Red Sox,RF,6.2
Reds,RF,1.7
Rockies,RF,2
Royals,RF,7
Tigers,RF,0.4
Twins,RF,6.8
White Sox,RF,-1.3
Yankees,RF,6.3
Braves,C,3.2
Brewers,C,6.4
Cardinals,C,0.7
Cubs,C,3.6
Diamondbacks,C,3.4
Dodgers,C,3.3
Giants,C,2.5
Indians,C,3.1
Mariners,C,5
Marlins,C,1.3
Mets,C,0.8
Nationals,C,1.1
Orioles,C,-0.2
Padres,C,1.7
Phillies,C,5.8
Pirates,C,-0.4
Rangers,C,-3.5
Rays,C,2
Red Sox,C,3.2
Reds,C,1.8
Rockies,C,-1.7
Royals,C,-0.2
Tigers,C,-3.3
Twins,C,5.2
White Sox,C,0.8
Yankees,C,3.5
Braves,LF,6.7
Brewers,LF,3.4
Cardinals,LF,2.6
Cubs,LF,2.2
Diamondbacks,LF,2.2
Dodgers,LF,5.7
Giants,LF,1.3
Indians,LF,1.6
Mariners,LF,1.5
Marlins,LF,-2.2
Mets,LF,8.1
Nationals,LF,5.1
Orioles,LF,-0.5
Padres,LF,1.8
Phillies,LF,3
Pirates,LF,2.3
Rangers,LF,5.5
Rays,LF,3.3
Red Sox,LF,0.8
Reds,LF,1.1
Rockies,LF,0.1
Royals,LF,1.9
Tigers,LF,0.2
Twins,LF,1
White Sox,LF,0.3
Yankees,LF,8.6
Braves,CF,6.6
Brewers,CF,2.2
Cardinals,CF,4.2
Cubs,CF,1.2
Diamondbacks,CF,9.8
Dodgers,CF,3.1
Giants,CF,1.3
Indians,CF,0.8
Mariners,CF,-0.5
Marlins,CF,-0.9
Mets,CF,-0.4
Nationals,CF,2.5
Orioles,CF,-0.7
Padres,CF,2.2
Phillies,CF,2.9
Pirates,CF,3
Rangers,CF,3.9
Rays,CF,1.8
Red Sox,CF,1.4
Reds,CF,0.2
Rockies,CF,0.8
Royals,CF,0.2
Tigers,CF,0.6
Twins,CF,8
White Sox,CF,2.1
Yankees,CF,4.7
