Name,Team,W,L,G,IP,ERA,WAR,playerid
Hansel Robles,Angels,5,1,70,71.2,2.51,1.8,11801
Cam Bedrosian,Angels,3,2,52,54.1,3.31,0.7,13360
Noe Ramirez,Angels,5,2,44,59.1,3.64,0.7,12800
Ty Buttrey,Angels,6,7,72,72.1,3.98,1.4,14719
Felix Pena,Angels,8,1,15,67.2,4.26,0.4,13403
Luis Garcia,Angels,2,1,62,60,4.35,-0.6,6984
Joe Biagini,Astros,3,2,63,64.2,4.59,-0.2,13194
Will Harris,Astros,4,1,68,60,1.5,1.1,3192
Ryan Pressly,Astros,2,3,55,54.1,2.32,1.5,7005
Roberto Osuna,Astros,4,3,66,65,2.63,1.6,13764
Hector Rondon,Astros,3,1,61,60,2.85,-0.2,2391
Joshua James,Astros,5,1,48,60.1,4.77,0.5,16794
Chris Devenski,Astros,2,2,60,67,4.84,0.1,12763
Liam Hendriks,Athletics,4,4,73,83,1.63,3.8,3548
Yusmeiro Petit,Athletics,5,3,80,83,2.71,1.4,4020
Joakim Soria,Athletics,2,4,70,68,4.24,1,6941
Blake Treinen,Athletics,6,5,57,58.2,4.91,-0.3,12572
Lou Trivino,Athletics,4,6,61,60,5.25,0.3,15043
Ken Giles,Blue Jays,2,3,53,53,1.87,1.8,12910
Derek Law,Blue Jays,1,2,54,56.2,4.45,0.1,13133
Sam Gaviglio,Blue Jays,4,2,52,95.2,4.61,0.1,12778
Tim Mayza,Blue Jays,1,3,68,51.1,4.91,0,15042
Shane Greene,Braves,0,3,65,62.2,2.3,0.9,10756
Chris Martin,Braves,1,3,58,55.2,3.4,1,11847
Mark Melancon,Braves,5,2,66,67.1,3.61,1.2,4264
Anthony Swarzak,Braves,3,4,59,53.1,4.56,-0.7,7466
Sean Newcomb,Braves,6,3,51,53.1,3.04,0.1,16943
Josh Tomlin,Braves,2,1,50,76.1,3.77,0,9388
Luke Jackson,Braves,9,2,70,72.2,3.84,1.2,11752
Josh Hader,Brewers,3,5,61,75.2,2.62,2.3,14212
Junior Guerra,Brewers,9,5,72,83.2,3.55,0.3,5702
Alex Claudio,Brewers,2,2,83,62,4.06,-0.2,12890
Jeremy Jeffress,Brewers,3,4,48,52,5.02,0.3,9490
Matt Albers,Brewers,8,6,67,59.2,5.13,0,4300
Giovanny Gallegos,Cardinals,3,2,66,74,2.31,1.6,14986
John Brebbia,Cardinals,3,4,66,72.2,3.59,1.3,12777
John Gant,Cardinals,11,1,64,66.1,3.66,0.9,13684
Tyler Webb,Cardinals,2,1,65,55,3.76,0.1,14974
Andrew Miller,Cardinals,5,6,73,54.2,4.45,-0.4,6785
Brandon Kintzler,Cubs,3,3,62,57,2.68,0.9,9939
Steve Cishek,Cubs,4,6,70,64,2.95,0.2,6483
Kyle Ryan,Cubs,4,2,73,61,3.54,0.6,11753
Tyler Chatwood,Cubs,4,2,33,54,3.67,0.3,4338
Archie Bradley,Diamondbacks,4,4,65,70.1,3.07,1.1,12918
Yoan Lopez,Diamondbacks,2,7,70,60.2,3.41,-0.3,17181
Andrew Chafin,Diamondbacks,2,2,77,52.2,3.76,1,12988
Matt Andriese,Diamondbacks,5,5,54,70.2,4.71,0.7,12022
Yoshihisa Hirano,Diamondbacks,5,5,62,53,4.75,0.5,19756
T.J. McFarland,Diamondbacks,0,0,51,56,4.82,0,3237
Adam Kolarek,Dodgers,6,3,80,55,3.27,0.2,10843
Pedro Baez,Dodgers,7,2,71,69.2,3.1,1.3,5420
Yimi Garcia,Dodgers,1,4,64,62.1,3.61,-0.3,12095
Kenley Jansen,Dodgers,5,3,62,63,3.71,1.2,3096
Joe Kelly,Dodgers,5,4,55,51.1,4.56,0.4,9761
Will Smith,Giants,6,0,63,65.1,2.76,1.2,8048
Reyes Moronta,Giants,3,7,56,56.2,2.86,0.7,14966
Tony Watson,Giants,2,2,60,54,4.17,-0.3,3132
Trevor Gott,Giants,7,0,50,52.2,4.44,0.9,15046
Tyler Clippard,Indians,1,0,50,56.2,2.38,0.6,5640
Nick Wittgren,Indians,5,1,55,57.2,2.81,0.4,15594
Brad Hand,Indians,6,4,60,57.1,3.3,1.5,9111
Adam Cimber,Indians,6,3,68,56.2,4.45,0.3,15288
Matt Magill,Mariners,5,2,50,50.2,4.09,0.6,3950
Wade LeBlanc,Mariners,4,3,18,84.2,4.57,-0.1,5221
Tommy Milone,Mariners,3,7,17,80.2,4.8,-0.4,7608
Jarlin Garcia,Marlins,4,2,53,50.2,3.02,0.5,18282
Adam Conley,Marlins,2,11,60,60.2,6.53,-0.4,14457
Wei-Yin Chen,Marlins,0,1,45,68.1,6.59,-0.4,13071
Brad Brach,Mets,5,4,58,54.1,5.47,0.7,6627
Seth Lugo,Mets,7,4,61,80,2.7,2.2,12447
Robert Gsellman,Mets,2,3,52,63.2,4.66,0.4,13696
Edwin Diaz,Mets,2,7,66,58,5.59,0,14710
Jeurys Familia,Mets,4,2,66,60,5.7,-0.2,5114
Daniel Hudson,Nationals,9,3,68,72,2.38,0.9,7146
Roenis Elias,Nationals,4,2,48,50,3.96,-0.1,12673
Javy Guerra,Nationals,3,1,51,67.2,4.66,0.4,7407
Sean Doolittle,Nationals,6,5,63,60,4.05,0.7,1581
Wander Suero,Nationals,6,9,78,71.1,4.54,1.5,15855
Shawn Armstrong,Orioles,1,1,55,58,5.74,0.6,12857
Mychal Givens,Orioles,2,6,58,63,4.57,0.5,10430
Miguel Castro,Orioles,1,3,65,73.1,4.66,0.4,15684
Richard Bleier,Orioles,3,0,52,53.1,5.23,0.6,7803
Paul Fry,Orioles,1,9,66,57.1,5.34,0.3,15832
Kirby Yates,Padres,0,5,60,60.2,1.19,3.4,9073
Craig Stammen,Padres,8,7,76,82,3.29,0.4,7274
Luis Perdomo,Padres,2,4,46,68.2,4.19,0.7,14682
Robbie Erlin,Padres,0,0,36,53.1,5.4,0.5,10354
Jared Hughes,Phillies,5,5,72,71.1,4.04,-0.5,9325
Blake Parker,Phillies,3,2,58,58.1,4.32,0,5224
Mike Morin,Phillies,1,3,52,50.2,4.62,0.2,13442
Hector Neris,Phillies,3,6,68,67.2,2.93,1,11804
Jose Alvarez,Phillies,3,4,66,57,3.47,0.4,5358
Chris Stratton,Pirates,1,1,30,53,4.92,0.2,13761
Felipe Vazquez,Pirates,5,1,56,60,1.65,2.1,12076
Michael Feliz,Pirates,4,3,57,56,3.21,0.2,11903
Francisco Liriano,Pirates,5,3,69,70,3.47,0.3,3201
Richard Rodriguez,Pirates,4,5,72,65.1,3.72,-0.3,13549
Clay Holmes,Pirates,1,2,35,50,5.58,-0.1,13649
Brett Martin,Rangers,2,2,49,60.2,4.15,0.8,17369
Jose Leclerc,Rangers,2,4,67,65,4.43,1.2,14524
Nick Anderson,Rays,5,4,68,65,3.32,2.1,18337
Emilio Pagan,Rays,4,2,66,70,2.31,1.5,14771
Diego Castillo,Rays,5,7,59,61.1,3.08,0.9,17496
Oliver Drake,Rays,5,2,50,56,3.21,0.5,8823
Jalen Beeks,Rays,6,1,30,92,3.42,0.5,17192
Ryan Yarbrough,Rays,8,1,14,56,3.86,0.8,16502
Chaz Roe,Rays,1,3,71,51,4.06,0.9,9866
Colin Poche,Rays,5,5,51,51.2,4.7,0.6,19403
Brandon Workman,Red Sox,10,1,73,71.2,1.88,2.1,11428
Matt Barnes,Red Sox,5,4,70,64.1,3.78,1.3,12863
Marcus Walden,Red Sox,9,2,70,78,3.81,1,8004
Colten Brewer,Red Sox,1,2,58,54.2,4.12,0,12997
Ryan Brasier,Red Sox,2,4,62,55.2,4.85,0.3,5615
Michael Lorenzen,Reds,1,4,73,83.1,2.92,1.2,14843
Amir Garrett,Reds,5,3,69,56,3.21,0.4,14375
Robert Stephenson,Reds,3,2,57,64.2,3.76,0.9,13594
Raisel Iglesias,Reds,3,12,68,67,4.16,1.1,17130
Scott Oberg,Rockies,6,1,49,56,2.25,1.1,13911
Carlos Estevez,Rockies,2,2,71,72,3.75,0.6,14542
Jairo Diaz,Rockies,6,4,56,57.2,4.53,0.9,12774
Chad Bettis,Rockies,1,4,36,50.1,5.36,0.1,10587
Bryan Shaw,Rockies,3,2,70,72,5.38,-0.1,8110
Ian Kennedy,Royals,3,2,63,63.1,3.41,1.4,6986
Scott Barlow,Royals,3,3,61,70.1,4.22,1.1,14993
Kevin McCarthy,Royals,4,2,56,60.1,4.48,0.5,15240
Buck Farmer,Tigers,6,6,72,65.2,3.7,0.8,14814
Nick Ramirez,Tigers,5,4,46,79.2,4.07,0.4,12575
Joe Jimenez,Tigers,4,7,66,59.2,4.37,0.3,15761
Sam Dyson,Twins,5,1,61,62.1,3.32,0.9,11710
Sergio Romo,Twins,2,1,65,60.1,3.43,1,9817
Tyler Duffey,Twins,5,1,58,57.2,2.5,1.2,13758
Taylor Rogers,Twins,2,4,60,69,2.61,2.1,13449
Trevor May,Twins,5,3,65,64.1,2.94,0.9,6398
Ryne Harper,Twins,4,2,61,54.1,3.81,0.9,12680
Aaron Bummer,White Sox,0,0,58,67.2,2.13,1.3,16258
Evan Marshall,White Sox,4,2,55,50.2,2.49,0.5,12297
Alex Colome,White Sox,4,5,62,61,2.8,0.6,6661
Josh Osich,White Sox,4,0,57,67.2,4.66,0,11528
Jace Fry,White Sox,3,4,68,55,4.75,0,16159
Kelvin Herrera,White Sox,3,3,57,51.1,6.14,0.4,6033
Cory Gearrin,Yankees,1,2,64,53.1,3.54,0.4,7947
Adam Ottavino,Yankees,6,5,73,66.1,1.9,1.3,1247
Zack Britton,Yankees,3,1,66,61.1,1.91,0.9,3240
Aroldis Chapman,Yankees,3,2,60,57,2.21,2,10233
Tommy Kahnle,Yankees,3,2,72,61.1,3.67,1.1,11384
Luis Cessa,Yankees,2,1,43,81,4.11,0.1,13345
Nestor Cortes,Yankees,5,1,32,64.1,5.6,-0.3,17874
