,Name,Team,W,L,G,IP,ERA,WAR,PlayerID
5,Luis Garcia,Angels,2,1,62,60,4.35,-0.6,6984
6,Joe Biagini,Astros,3,2,63,64.2,4.59,-0.2,13194
16,Blake Treinen,Athletics,6,5,57,58.2,4.91,-0.3,12572
21,Tim Mayza,Blue Jays,1,3,68,51.1,4.91,0,15042
25,Anthony Swarzak,Braves,3,4,59,53.1,4.56,-0.7,7466
31,Alex Claudio,Brewers,2,2,83,62,4.06,-0.2,12890
38,Andrew Miller,Cardinals,5,6,73,54.2,4.45,-0.4,6785
40,Steve Cishek,Cubs,4,6,70,64,2.95,0.2,6483
44,Yoan Lopez,Diamondbacks,2,7,70,60.2,3.41,-0.3,17181
51,Yimi Garcia,Dodgers,1,4,64,62.1,3.61,-0.3,12095
56,Tony Watson,Giants,2,2,60,54,4.17,-0.3,3132
61,Adam Cimber,Indians,6,3,68,56.2,4.45,0.3,15288
64,Tommy Milone,Mariners,3,7,17,80.2,4.8,-0.4,7608
66,Adam Conley,Marlins,2,11,60,60.2,6.53,-0.4,14457
72,Jeurys Familia,Mets,4,2,66,60,5.7,-0.2,5114
74,Roenis Elias,Nationals,4,2,48,50,3.96,-0.1,12673
82,Paul Fry,Orioles,1,9,66,57.1,5.34,0.3,15832
84,Craig Stammen,Padres,8,7,76,82,3.29,0.4,7274
87,Jared Hughes,Phillies,5,5,72,71.1,4.04,-0.5,9325
96,Richard Rodriguez,Pirates,4,5,72,65.1,3.72,-0.3,13549
98,Brett Martin,Rangers,2,2,49,60.2,4.15,0.8,17369
103,Oliver Drake,Rays,5,2,50,56,3.21,0.5,8823
111,Colten Brewer,Red Sox,1,2,58,54.2,4.12,0,12997
114,Amir Garrett,Reds,5,3,69,56,3.21,0.4,14375
121,Bryan Shaw,Rockies,3,2,70,72,5.38,-0.1,8110
124,Kevin McCarthy,Royals,4,2,56,60.1,4.48,0.5,15240
127,Joe Jimenez,Tigers,4,7,66,59.2,4.37,0.3,15761
128,Sam Dyson,Twins,5,1,61,62.1,3.32,0.9,11710
137,Josh Osich,White Sox,4,0,57,67.2,4.66,0,11528
146,Nestor Cortes,Yankees,5,1,32,64.1,5.6,-0.3,17874
