,Name,Team,W,L,G,IP,ERA,War,PlayerID
5,Jose Suarez,Angels,2,6,15,67,6.85,-0.5,19911
8,Aaron Sanchez,Astros,5,14,27,131.1,5.89,0.8,11490
18,Mike Fiers,Athletics,15,4,33,184.2,3.9,1.7,7754
22,Clay Buchholz,Blue Jays,2,5,12,59,6.56,0.1,3543
24,Dallas Keuchel,Braves,8,8,19,112.2,3.75,0.8,9434
28,Drew Pomeranz,Brewers,2,9,18,75.1,5.97,-0.3,11426
39,Michael Wacha,Cardinals,5,7,24,114,4.66,0,14078
41,Cole Hamels,Cubs,7,7,27,141.2,3.81,2.5,4972
51,Taylor Clarke,Diamondbacks,4,4,15,64.1,5.88,-0.4,17611
53,Rich Hill,Dodgers,4,1,13,58.2,2.45,0.9,4806
62,Dereck Rodriguez,Giants,5,10,16,78.1,5.4,-0.5,14509
67,Adam Plutko,Indians,7,5,20,104.2,4.64,0.7,15846
71,Felix Hernandez,Mariners,1,8,15,71.2,6.4,-0.1,4772
75,Elieser Hernandez,Marlins,3,4,15,74.2,4.58,0.4,16933
81,Steven Matz,Mets,11,10,30,159.1,4.24,1.6,13361
87,Erick Fedde,Nationals,4,2,12,60.1,4.48,0.1,17425
92,Gabriel Ynoa,Orioles,0,9,13,64.1,6.02,-0.6,12938
100,Nick Margevicius,Padres,2,6,12,53.1,6.41,-0.1,20395
107,Jerad Eickhoff,Phillies,3,4,10,53.1,5.4,-0.3,12664
111,Dario Agrazal,Pirates,4,5,14,71.1,5.05,-0.1,15821
116,Adrian Sampson,Rangers,3,7,15,78.2,6.41,0.1,13339
118,Trevor Richards,Rays,4,12,23,123.1,4.38,1.4,19309
130,Nathan Eovaldi,Red Sox,1,1,12,54.1,6.13,-0.6,9132
132,Kevin Gausman,Reds,3,8,17,82,6.37,1.2,14107
140,Jeff Hoffman,Rockies,2,6,15,70,6.56,-0.4,17432
149,Jorge Lopez,Royals,3,8,18,86.1,6.57,-0.5,14527
150,Edwin Jackson,Tigers,2,9,13,55.1,9.76,-0.6,1841
159,Martin Perez,Twins,9,7,29,157,4.99,1.8,6902
164,Ross Detwiler,White Sox,3,5,12,57,5.84,-0.3,2859
168,CC Sabathia,Yankees,5,8,22,106.1,4.99,0.4,404
